{"cameraMode":{"drawMode":0,"name":"Shaded","section":"Shading Mode"},"sceneLighting":false,"audioPlay":false,"sceneViewState":{"showFog":true,"showMaterialUpdate":false,"showSkybox":false,"showFlares":true,"showImageEffects":true,"showParticleSystems":true},"in2DMode":false,"pivot":{"x":-0.17003226280212403,"y":5.389099597930908,"z":0.017371416091918947},"rotation":{"x":-0.10160304605960846,"y":-0.36602455377578738,"z":0.04024111106991768,"w":-0.9241702556610107},"size":11.06708812713623,"orthographic":false}