{"cameraMode":{"drawMode":0,"name":"Shaded","section":"Shading Mode"},"sceneLighting":true,"audioPlay":false,"sceneViewState":{"showFog":true,"showMaterialUpdate":false,"showSkybox":true,"showFlares":true,"showImageEffects":true,"showParticleSystems":true},"in2DMode":false,"pivot":{"x":0.7317792177200317,"y":0.13353285193443299,"z":-0.06532949209213257},"rotation":{"x":-0.3730715811252594,"y":0.028101027011871339,"z":-0.011309134773910046,"w":-0.927314043045044},"size":7.019090175628662,"orthographic":false}