{"cameraMode":{"drawMode":0,"name":"Shaded","section":"Shading Mode"},"sceneLighting":false,"audioPlay":false,"sceneViewState":{"showFog":true,"showMaterialUpdate":false,"showSkybox":false,"showFlares":true,"showImageEffects":true,"showParticleSystems":true},"in2DMode":false,"pivot":{"x":0.000035762786865234375,"y":1.7313029766082764,"z":3.5464026927948},"rotation":{"x":0.0907386764883995,"y":0.7765489816665649,"z":-0.1149808019399643,"w":0.6128041744232178},"size":3.01151442527771,"orthographic":false}