{"cameraMode":{"drawMode":0,"name":"Shaded","section":"Shading Mode"},"sceneLighting":true,"audioPlay":false,"sceneViewState":{"showFog":true,"showMaterialUpdate":false,"showSkybox":true,"showFlares":true,"showImageEffects":true,"showParticleSystems":true},"in2DMode":false,"pivot":{"x":1.7440434694290162,"y":0.7182674407958984,"z":0.40104979276657107},"rotation":{"x":0.045167285948991778,"y":-0.9402021169662476,"z":0.13777291774749757,"w":0.3082335591316223},"size":7.245056629180908,"orthographic":false}