{"cameraMode":{"drawMode":0,"name":"Shaded","section":"Shading Mode"},"sceneLighting":false,"audioPlay":false,"sceneViewState":{"showFog":true,"showMaterialUpdate":false,"showSkybox":false,"showFlares":true,"showImageEffects":true,"showParticleSystems":true},"in2DMode":false,"pivot":{"x":0.00003600120544433594,"y":-3.546405553817749,"z":1.7313027381896973},"rotation":{"x":-0.03193081170320511,"y":-0.9349763989448547,"z":0.08720435202121735,"w":-0.3423430025577545},"size":2.9403884410858156,"orthographic":false}