{"cameraMode":{"drawMode":0,"name":"Shaded","section":"Shading Mode"},"sceneLighting":true,"audioPlay":false,"sceneViewState":{"showFog":true,"showMaterialUpdate":false,"showSkybox":true,"showFlares":true,"showImageEffects":true,"showParticleSystems":true},"in2DMode":false,"pivot":{"x":-4.76837158203125e-7,"y":13.962386131286621,"z":1.255577564239502},"rotation":{"x":-0.030816413462162019,"y":-0.9680868983268738,"z":0.15076977014541627,"w":-0.19784556329250337},"size":42.110267639160159,"orthographic":false}