{"cameraMode":{"drawMode":0,"name":"Shaded","section":"Shading Mode"},"sceneLighting":false,"audioPlay":false,"sceneViewState":{"showFog":true,"showMaterialUpdate":false,"showSkybox":false,"showFlares":true,"showImageEffects":true,"showParticleSystems":true},"in2DMode":false,"pivot":{"x":0.10945511609315872,"y":6.5386576652526859,"z":2.3046157360076906},"rotation":{"x":0.11531375348567963,"y":-0.7083228230476379,"z":0.11903835833072663,"w":0.6861648559570313},"size":5.940389633178711,"orthographic":false}