{"cameraMode":{"drawMode":0,"name":"Shaded","section":"Shading Mode"},"sceneLighting":false,"audioPlay":false,"sceneViewState":{"showFog":true,"showMaterialUpdate":false,"showSkybox":false,"showFlares":true,"showImageEffects":true,"showParticleSystems":true},"in2DMode":false,"pivot":{"x":0.000035762786865234375,"y":1.7313029766082764,"z":3.5464026927948},"rotation":{"x":-0.24446937441825868,"y":0.6279826760292053,"z":0.21741804480552674,"w":0.7061179876327515},"size":3.01151442527771,"orthographic":false}